insert into gebruikertypes (id, naam, standaard) values (11000001, 'Leerkrachten',  0);
insert into gebruikertypes (id, naam, standaard) values (11000002, 'Beheerders',    1);
insert into gebruikertypes (id, naam, standaard) values (11000003, 'Administratie', 0);

insert into gebruikers (id, naam, email, status, gebruikertype) values (1000001, 'Anne Saelens',          'rogge.suzan@gmail.com', 1, 11000001);
insert into gebruikers (id, naam, email, status, gebruikertype) values (1000002, 'Monique Lefebvre',      'rogge.suzan@gmail.com', 1, 11000002);
insert into gebruikers (id, naam, email, status, gebruikertype) values (1000003, 'Guillaume Buysschaert', 'rogge.suzan@gmail.com', 1, 11000003);

insert into inputvelden (id, naam, type) values (12000001, 'Opdrachtgever', 'VAST');
insert into inputvelden (id, naam, type) values (12000002, 'Bestand',       'VAST');
insert into inputvelden (id, naam, type) values (12000003, 'Aantal',        'VAST');
insert into inputvelden (id, naam, type) values (12000004, 'Commentaar',    'VAST');
insert into inputvelden (id, naam, type) values (12000005, 'Prijs',         'VAST');
insert into inputvelden (id, naam, type) values (12000006, 'Klassen',       'VAST');

insert into doelgroepen (id, naam, graad) values (2000001, '1ste jaar Wetenschappen', 1);
insert into doelgroepen (id, naam, graad) values (2000002, '2de jaar Wetenschappen', 1);
insert into doelgroepen (id, naam, graad) values (2000003, '3de jaar Industriële Wetenschappen', 2);
insert into doelgroepen (id, naam, graad) values (2000004, '4de jaar Industriële Wetenschappen', 2);
insert into doelgroepen (id, naam, graad) values (2000005, '3de jaar Techniek-Wetenschappen', 2);
insert into doelgroepen (id, naam, graad) values (2000006, '4de jaar Techniek-Wetenschappen', 2);
insert into doelgroepen (id, naam, graad) values (2000007, '3de jaar Elektromechanica', 2);
insert into doelgroepen (id, naam, graad) values (2000008, '4de jaar Elektromechanica', 2);
insert into doelgroepen (id, naam, graad) values (2000009, '5de jaar Industriële Wetenschappen', 3);
insert into doelgroepen (id, naam, graad) values (2000010, '6de jaar Industriële Wetenschappen', 3);
insert into doelgroepen (id, naam, graad) values (2000011, '5de jaar Techniek-Wetenschappen', 3);
insert into doelgroepen (id, naam, graad) values (2000012, '6de jaar Techniek-Wetenschappen', 3);
insert into doelgroepen (id, naam, graad) values (2000013, '5de jaar Elektromechanica', 3);
insert into doelgroepen (id, naam, graad) values (2000014, '6de jaar Elektromechanica', 3);
insert into doelgroepen (id, naam, graad) values (2000015, '5de jaar Industriële ICT', 3);
insert into doelgroepen (id, naam, graad) values (2000016, '6de jaar Industriële ICT', 3);
insert into doelgroepen (id, naam, graad) values (2000017, '1ste jaar Kunst', 1);
insert into doelgroepen (id, naam, graad) values (2000018, '2de jaar Kunst', 1);
insert into doelgroepen (id, naam, graad) values (2000019, '3de jaar Beeldende en Architecturale Kunsten', 2);
insert into doelgroepen (id, naam, graad) values (2000020, '4de jaar Beeldende en Architecturale Kunsten', 2);
insert into doelgroepen (id, naam, graad) values (2000021, '5de jaar Vrije Beeldende Kunst', 3);
insert into doelgroepen (id, naam, graad) values (2000022, '6de jaar Vrije Beeldende Kunst', 3);
insert into doelgroepen (id, naam, graad) values (2000023, '5de jaar Architecturale en Binnenhuiskunst', 3);
insert into doelgroepen (id, naam, graad) values (2000024, '6de jaar Architecturale en Binnenhuiskunst', 3);
insert into doelgroepen (id, naam, graad) values (2000025, '1ste jaar Technieken', 1);
insert into doelgroepen (id, naam, graad) values (2000026, '2de jaar Mechanica-Elektriciteit', 1);
insert into doelgroepen (id, naam, graad) values (2000027, '2de jaar Bouw- en Houttechnieken', 1);
insert into doelgroepen (id, naam, graad) values (2000028, '3de jaar Elektrotechnieken', 2);
insert into doelgroepen (id, naam, graad) values (2000029, '4de jaar Elektrotechnieken', 2);
insert into doelgroepen (id, naam, graad) values (2000030, '3de jaar Mechanische Technieken', 2);
insert into doelgroepen (id, naam, graad) values (2000031, '4de jaar Mechanische Technieken', 2);
insert into doelgroepen (id, naam, graad) values (2000032, '3de jaar Houttechnieken', 2);
insert into doelgroepen (id, naam, graad) values (2000033, '4de jaar Houttechnieken', 2);
insert into doelgroepen (id, naam, graad) values (2000034, '3de jaar Bouwtechnieken', 2);
insert into doelgroepen (id, naam, graad) values (2000035, '4de jaar Bouwtechnieken', 2);
insert into doelgroepen (id, naam, graad) values (2000036, '5de jaar Elektrische Installatietechnieken', 3);
insert into doelgroepen (id, naam, graad) values (2000037, '6de jaar Elektrische Installatietechnieken', 3);
insert into doelgroepen (id, naam, graad) values (2000038, '5de jaar Mechanische Vormgevingstechnieken', 3);
insert into doelgroepen (id, naam, graad) values (2000039, '6de jaar Mechanische Vormgevingstechnieken', 3);
insert into doelgroepen (id, naam, graad) values (2000040, '5de jaar Houttechnieken', 3);
insert into doelgroepen (id, naam, graad) values (2000041, '6de jaar Houttechnieken', 3);
insert into doelgroepen (id, naam, graad) values (2000042, '5de jaar Bouwtechnieken', 3);
insert into doelgroepen (id, naam, graad) values (2000043, '6de jaar Bouwtechnieken', 3);
insert into doelgroepen (id, naam, graad) values (2000044, '5de jaar Autotechnieken', 3);
insert into doelgroepen (id, naam, graad) values (2000045, '6de jaar Autotechnieken', 3);
insert into doelgroepen (id, naam, graad) values (2000046, '7de jaar Stuur- en Beveiligingstechnieken', 4);
insert into doelgroepen (id, naam, graad) values (2000047, '1ste jaar Praktijk', 1);
insert into doelgroepen (id, naam, graad) values (2000048, '2de jaar Elektriciteit-Metaal en Schilderen-Decoratie', 1);
insert into doelgroepen (id, naam, graad) values (2000049, '2de jaar Bouw-Hout en Schilderen-Decoratie', 1);
insert into doelgroepen (id, naam, graad) values (2000050, '3de jaar Elektrische Installaties', 2);
insert into doelgroepen (id, naam, graad) values (2000051, '4de jaar Elektrische Installaties', 2);
insert into doelgroepen (id, naam, graad) values (2000052, '3de jaar Basismechanica', 2);
insert into doelgroepen (id, naam, graad) values (2000053, '4de jaar Basismechanica', 2);
insert into doelgroepen (id, naam, graad) values (2000054, '3de jaar Hout', 2);
insert into doelgroepen (id, naam, graad) values (2000055, '4de jaar Hout', 2);
insert into doelgroepen (id, naam, graad) values (2000056, '3de jaar Bouw', 2);
insert into doelgroepen (id, naam, graad) values (2000057, '4de jaar Bouw', 2);
insert into doelgroepen (id, naam, graad) values (2000058, '3de jaar Schilderwerk en Decoratie', 2);
insert into doelgroepen (id, naam, graad) values (2000059, '4de jaar Schilderwerk en Decoratie', 2);
insert into doelgroepen (id, naam, graad) values (2000060, '5de jaar Elektrische Installaties', 3);
insert into doelgroepen (id, naam, graad) values (2000061, '6de jaar Elektrische Installaties', 3);
insert into doelgroepen (id, naam, graad) values (2000062, '5de jaar Carrosserie', 3);
insert into doelgroepen (id, naam, graad) values (2000063, '6de jaar Carrosserie', 3);
insert into doelgroepen (id, naam, graad) values (2000064, '5de jaar Auto', 3);
insert into doelgroepen (id, naam, graad) values (2000065, '6de jaar Auto', 3);
insert into doelgroepen (id, naam, graad) values (2000066, '5de jaar Vrachtwagenchauffeur', 3);
insert into doelgroepen (id, naam, graad) values (2000067, '6de jaar Vrachtwagenchauffeur', 3);
insert into doelgroepen (id, naam, graad) values (2000068, '5de jaar Lassen-Constructie', 3);
insert into doelgroepen (id, naam, graad) values (2000069, '6de jaar Lassen-Constructie', 3);
insert into doelgroepen (id, naam, graad) values (2000070, '5de jaar Centrale Verwarming en Sanitaire Installatie', 3);
insert into doelgroepen (id, naam, graad) values (2000071, '6de jaar Centrale Verwarming en Sanitaire Installatie', 3);
insert into doelgroepen (id, naam, graad) values (2000072, '5de jaar Houtbewerking', 3);
insert into doelgroepen (id, naam, graad) values (2000073, '6de jaar Houtbewerking', 3);
insert into doelgroepen (id, naam, graad) values (2000074, '5de jaar Ruwbouw', 3);
insert into doelgroepen (id, naam, graad) values (2000075, '6de jaar Ruwbouw', 3);
insert into doelgroepen (id, naam, graad) values (2000076, '5de jaar Ruwbouwafwerking', 3);
insert into doelgroepen (id, naam, graad) values (2000077, '6de jaar Ruwbouwafwerking', 3);
insert into doelgroepen (id, naam, graad) values (2000078, '5de jaar Schilderwerk en Decoratie', 3);
insert into doelgroepen (id, naam, graad) values (2000079, '6de jaar Schilderwerk en Decoratie', 3);
insert into doelgroepen (id, naam, graad) values (2000080, '7de jaar Industriële Elektriciteit', 4);
insert into doelgroepen (id, naam, graad) values (2000081, '7de jaar Fotolassen', 4);
insert into doelgroepen (id, naam, graad) values (2000082, '7de jaar Auto-Elektriciteit', 4);
insert into doelgroepen (id, naam, graad) values (2000083, '7de jaar Bijzonder Transport', 4);
insert into doelgroepen (id, naam, graad) values (2000084, '7de jaar Interieurinrichting', 4);
insert into doelgroepen (id, naam, graad) values (2000085, '7de jaar Renovatie Bouw', 4);
insert into doelgroepen (id, naam, graad) values (2000086, '7de jaar Decoratie en Restauratie', 4);
insert into doelgroepen (id, naam, graad) values (2000087, '7de jaar Schilderwerk', 4);
insert into doelgroepen (id, naam, graad) values (2000088, 'OKAN', 0);

insert into leerlingen (id, naam, startdatum) values (16000001, 'Suzan Rogge',            '2011-09-01');
insert into leerlingen (id, naam, startdatum) values (16000002, 'Niels Rogge',            '2011-09-01');
insert into leerlingen (id, naam, startdatum) values (16000003, 'Eline Rogge',            '2011-09-01');
insert into leerlingen (id, naam, startdatum) values (16000004, 'Luc Rogge',              '2011-09-01');
insert into leerlingen (id, naam, startdatum) values (16000005, 'Martien Rogge',          '2011-09-01');
insert into leerlingen (id, naam, startdatum) values (16000006, 'Eddy Rogge',             '2011-09-01');
insert into leerlingen (id, naam, startdatum) values (16000007, 'Lucrèse Rogge',         '2011-09-01');
insert into leerlingen (id, naam, startdatum) values (16000008, 'Marie-Christine Rogge',  '2011-09-01');
insert into leerlingen (id, naam, startdatum) values (16000009, 'Marleen Rogge',          '2011-09-01');
insert into leerlingen (id, naam, startdatum) values (16000010, 'Hans Durnez',            '2011-09-01');
insert into leerlingen (id, naam, startdatum) values (16000011, 'Ilse Durnez',            '2011-09-01');
insert into leerlingen (id, naam, startdatum) values (16000012, 'Loes Durnez',            '2011-09-01');
insert into leerlingen (id, naam, startdatum) values (16000013, 'Céline Saman',          '2011-09-01');
insert into leerlingen (id, naam, startdatum) values (16000014, 'Danny Verledens',        '2011-09-01');
insert into leerlingen (id, naam, startdatum) values (16000015, 'Jenne Verledens',        '2011-09-01');
insert into leerlingen (id, naam, startdatum) values (16000016, 'Jirre Verledens',        '2011-09-01');
insert into leerlingen (id, naam, startdatum) values (16000017, 'Jorn Verledens',         '2011-09-01');
insert into leerlingen (id, naam, startdatum) values (16000018, 'Johan Vansever',         '2011-09-01');
insert into leerlingen (id, naam, startdatum) values (16000019, 'Pierre Vansever',        '2011-09-01');
insert into leerlingen (id, naam, startdatum) values (16000020, 'Marie Vansever',         '2011-09-01');
insert into leerlingen (id, naam, startdatum) values (16000021, 'Jules Vansever',         '2011-09-01');
insert into leerlingen (id, naam, startdatum) values (16000022, 'Franky Vandoorne',       '2011-09-01');
insert into leerlingen (id, naam, startdatum) values (16000023, 'Arne Vandoorne',         '2011-09-01');
insert into leerlingen (id, naam, startdatum) values (16000024, 'Tessa Vandoorne',        '2011-09-01');
insert into leerlingen (id, naam, startdatum) values (16000025, 'Marleen Lefebvre',       '2011-09-01');
insert into leerlingen (id, naam, startdatum) values (16000026, 'José Verhoest',         '2011-09-01');
insert into leerlingen (id, naam, startdatum) values (16000027, 'Bert Verhoest',          '2011-09-01');
insert into leerlingen (id, naam, startdatum) values (16000028, 'Lies Verhoest',          '2011-09-01');
insert into leerlingen (id, naam, startdatum) values (16000029, 'Peter Verhoest',         '2011-09-01');
insert into leerlingen (id, naam, startdatum) values (16000030, 'Veerle Rysman',          '2011-09-01');
insert into leerlingen (id, naam, startdatum) values (16000031, 'Emme Rysman',            '2010-09-01');
insert into leerlingen (id, naam, startdatum) values (16000032, 'Sylvie Desmet',          '2010-09-01');
insert into leerlingen (id, naam, startdatum) values (16000033, 'Emma Verhoest',          '2010-09-01');
insert into leerlingen (id, naam, startdatum, einddatum) values (16000034, 'Elise Verhoest',        '2010-09-01', '2011-10-31');
insert into leerlingen (id, naam, startdatum, einddatum) values (16000035, 'Bertrand Vanderroost',  '2011-09-01', '2011-12-31');
insert into leerlingen (id, naam, startdatum, einddatum) values (16000036, 'Lena Vanderroost',      '2011-09-01', '2011-12-31');
insert into leerlingen (id, naam, startdatum, einddatum) values (16000037, 'Celia Vanderroost',     '2010-09-01', '2010-08-31');
insert into leerlingen (id, naam, startdatum, einddatum) values (16000038, 'Carine Lefebvre',       '2010-09-01', '2010-08-31');
insert into leerlingen (id, naam, startdatum, einddatum) values (16000039, 'Daniël Vandewalle',     '2010-09-01', '2010-08-31');
insert into leerlingen (id, naam, startdatum, einddatum) values (16000040, 'Sofie Vandewalle',      '2010-09-01', '2010-08-31');
insert into leerlingen (id, naam, startdatum, einddatum) values (16000041, 'Dominiek Simoens',      '2010-09-01', '2010-08-31');
insert into leerlingen (id, naam, startdatum, einddatum) values (16000042, 'Leonie Simoens',        '2010-09-01', '2010-08-31');

insert into doelgroepleerlingen (leerling, doelgroep, groep, schooljaar) values (16000037, 2000001, 'A', 2010);
insert into doelgroepleerlingen (leerling, doelgroep, groep, schooljaar) values (16000038, 2000001, 'A', 2010);
insert into doelgroepleerlingen (leerling, doelgroep, groep, schooljaar) values (16000039, 2000002, 'A', 2010);
insert into doelgroepleerlingen (leerling, doelgroep, groep, schooljaar) values (16000040, 2000002, 'A', 2010);
insert into doelgroepleerlingen (leerling, doelgroep, groep, schooljaar) values (16000041, 2000003, 'A', 2010);
insert into doelgroepleerlingen (leerling, doelgroep, groep, schooljaar) values (16000042, 2000003, 'A', 2010);
insert into doelgroepleerlingen (leerling, doelgroep, groep, schooljaar) values (16000001, 2000001, 'A', 2011);
insert into doelgroepleerlingen (leerling, doelgroep, groep, schooljaar) values (16000002, 2000001, 'A', 2011);
insert into doelgroepleerlingen (leerling, doelgroep, groep, schooljaar) values (16000003, 2000001, 'A', 2011);
insert into doelgroepleerlingen (leerling, doelgroep, groep, schooljaar) values (16000004, 2000001, 'A', 2011);
insert into doelgroepleerlingen (leerling, doelgroep, groep, schooljaar) values (16000005, 2000001, 'B', 2011);
insert into doelgroepleerlingen (leerling, doelgroep, groep, schooljaar) values (16000006, 2000001, 'B', 2011);
insert into doelgroepleerlingen (leerling, doelgroep, groep, schooljaar) values (16000007, 2000001, 'B', 2011);
insert into doelgroepleerlingen (leerling, doelgroep, groep, schooljaar) values (16000008, 2000001, 'B', 2011);
insert into doelgroepleerlingen (leerling, doelgroep, groep, schooljaar) values (16000009, 2000001, 'B', 2011);
insert into doelgroepleerlingen (leerling, doelgroep, groep, schooljaar) values (16000010, 2000002, 'B', 2011);
insert into doelgroepleerlingen (leerling, doelgroep, groep, schooljaar) values (16000011, 2000002, 'A', 2011);
insert into doelgroepleerlingen (leerling, doelgroep, groep, schooljaar) values (16000012, 2000002, 'A', 2011);
insert into doelgroepleerlingen (leerling, doelgroep, groep, schooljaar) values (16000013, 2000002, 'A', 2011);
insert into doelgroepleerlingen (leerling, doelgroep, groep, schooljaar) values (16000014, 2000002, 'A', 2011);
insert into doelgroepleerlingen (leerling, doelgroep, groep, schooljaar) values (16000015, 2000002, 'A', 2011);
insert into doelgroepleerlingen (leerling, doelgroep, groep, schooljaar) values (16000016, 2000002, 'A', 2011);
insert into doelgroepleerlingen (leerling, doelgroep, groep, schooljaar) values (16000017, 2000002, 'A', 2011);
insert into doelgroepleerlingen (leerling, doelgroep, groep, schooljaar) values (16000018, 2000002, 'A', 2011);
insert into doelgroepleerlingen (leerling, doelgroep, groep, schooljaar) values (16000019, 2000002, 'A', 2011);
insert into doelgroepleerlingen (leerling, doelgroep, groep, schooljaar) values (16000020, 2000002, 'A', 2011);
insert into doelgroepleerlingen (leerling, doelgroep, groep, schooljaar) values (16000021, 2000003, 'A', 2011);
insert into doelgroepleerlingen (leerling, doelgroep, groep, schooljaar) values (16000022, 2000003, 'A', 2011);
insert into doelgroepleerlingen (leerling, doelgroep, groep, schooljaar) values (16000023, 2000003, 'A', 2011);
insert into doelgroepleerlingen (leerling, doelgroep, groep, schooljaar) values (16000024, 2000003, 'A', 2011);
insert into doelgroepleerlingen (leerling, doelgroep, groep, schooljaar) values (16000025, 2000003, 'A', 2011);
insert into doelgroepleerlingen (leerling, doelgroep, groep, schooljaar) values (16000026, 2000003, 'A', 2011);
insert into doelgroepleerlingen (leerling, doelgroep, groep, schooljaar) values (16000027, 2000004, 'A', 2011);
insert into doelgroepleerlingen (leerling, doelgroep, groep, schooljaar) values (16000028, 2000004, 'A', 2011);
insert into doelgroepleerlingen (leerling, doelgroep, groep, schooljaar) values (16000029, 2000004, 'A', 2011);
insert into doelgroepleerlingen (leerling, doelgroep, groep, schooljaar) values (16000030, 2000004, 'A', 2011);
insert into doelgroepleerlingen (leerling, doelgroep, groep, schooljaar) values (16000031, 2000004, 'A', 2011);
insert into doelgroepleerlingen (leerling, doelgroep, groep, schooljaar) values (16000032, 2000004, 'A', 2011);
insert into doelgroepleerlingen (leerling, doelgroep, groep, schooljaar) values (16000033, 2000005, 'A', 2011);
insert into doelgroepleerlingen (leerling, doelgroep, groep, schooljaar) values (16000034, 2000005, 'A', 2011);
insert into doelgroepleerlingen (leerling, doelgroep, groep, schooljaar) values (16000035, 2000002, 'A', 2011);
insert into doelgroepleerlingen (leerling, doelgroep, groep, schooljaar) values (16000036, 2000002, 'A', 2011);
insert into doelgroepleerlingen (leerling, doelgroep, groep, schooljaar) values (16000031, 2000002, 'A', 2010);
insert into doelgroepleerlingen (leerling, doelgroep, groep, schooljaar) values (16000032, 2000002, 'A', 2010);
insert into doelgroepleerlingen (leerling, doelgroep, groep, schooljaar) values (16000033, 2000002, 'A', 2010);
insert into doelgroepleerlingen (leerling, doelgroep, groep, schooljaar) values (16000034, 2000002, 'A', 2010);

insert into toewijzingen (gebruiker, doelgroep, groep) values (1000001, 2000001, 1);

insert into prijstypes (id, Naam) values (9000001, 'Standaard');
insert into prijstypes (id, Naam) values (9000002, 'Gratis');

insert into opdrachttypes (id, naam, prijstype, van, omschrijving) values (6000001, 'Standaard',      9000001, '2012-01-01', 'Standaard invulbon voor leerkrachten');
insert into opdrachttypes (id, naam, prijstype, van, omschrijving) values (6000002, 'Administratie',  9000002, '2012-01-01', 'Invulbon voor administratieve opdrachten, hoeft niet aangerekend worden');
insert into opdrachttypes (id, naam, prijstype, van, omschrijving) values (6000003, 'Privé Opdracht', 9000001, '2012-01-01', 'Opdrachten voor privé, deze moeten betaald worden door de opdrachtgever');

insert into optietypes (id, naam, max, min, van, status, volgorde, omschrijving) values(4000001, 'Druktype',      1, 1, '2012-01-01', 'HUIDIG', 1, 'hoe een pagina gedrukt moet worden');
insert into optietypes (id, naam, max, min, van, status, volgorde, omschrijving) values(4000002, 'Kleur',         1, 0, '2012-01-01', 'HUIDIG', 2, 'welke kleur de pagina''s moeten hebben');
insert into optietypes (id, naam, max, min, van, status, volgorde, omschrijving) values(4000003, 'Gewicht',       1, 0, '2012-01-01', 'HUIDIG', 3, 'welk gewicht een pagina heeft');
insert into optietypes (id, naam, max, min, van, status, volgorde, omschrijving) values(4000004, 'Formaat',       1, 0, '2012-01-01', 'HUIDIG', 4, 'de grootte van de pagina''s');
insert into optietypes (id, naam, max, min, van, status, volgorde, omschrijving) values(4000005, 'Nieten',        1, 0, '2012-01-01', 'HUIDIG', 5, 'hoe de pagina''s aan elkaar geniet moeten worden');
insert into optietypes (id, naam, max, min, van, status, volgorde, omschrijving) values(4000006, 'Andere',       -1, 0, '2012-01-01', 'HUIDIG', 6, 'andere mogelijke opties');
insert into optietypes (id, naam, max, min, van, status, volgorde, omschrijving) values(4000007, 'Kleur Kaft',    1, 0, '2012-01-01', 'HUIDIG', 7, 'kleur van de kaft');
insert into optietypes (id, naam, max, min, van, status, volgorde, omschrijving) values(4000008, 'Gewicht Kaft',  1, 0, '2012-01-01', 'HUIDIG', 8, 'gewicht van de kaft');

insert into opdrachttypeopties values (6000001, 4000001);
insert into opdrachttypeopties values (6000001, 4000002);
insert into opdrachttypeopties values (6000001, 4000003);
insert into opdrachttypeopties values (6000001, 4000004);
insert into opdrachttypeopties values (6000001, 4000005);
insert into opdrachttypeopties values (6000001, 4000006);
insert into opdrachttypeopties values (6000001, 4000007);
insert into opdrachttypeopties values (6000001, 4000008);
insert into opdrachttypeopties values (6000002, 4000001);
insert into opdrachttypeopties values (6000002, 4000002);
insert into opdrachttypeopties values (6000002, 4000003);
insert into opdrachttypeopties values (6000002, 4000004);
insert into opdrachttypeopties values (6000002, 4000005);
insert into opdrachttypeopties values (6000002, 4000006);

insert into opdrachttypeinput (opdrachttype, inputveld, verplicht, wijzigbaar, volgorde, zichtbaar) values (6000001, 12000001, 1, 1, 0, 0);
insert into opdrachttypeinput (opdrachttype, inputveld, verplicht, wijzigbaar, volgorde, zichtbaar) values (6000001, 12000002, 1, 1, 1, 1);
insert into opdrachttypeinput (opdrachttype, inputveld, verplicht, wijzigbaar, volgorde, zichtbaar) values (6000001, 12000003, 1, 1, 2, 1);
insert into opdrachttypeinput (opdrachttype, inputveld, verplicht, wijzigbaar, volgorde, zichtbaar) values (6000001, 12000005, 1, 0, 3, 0);
insert into opdrachttypeinput (opdrachttype, inputveld, verplicht, wijzigbaar, volgorde, zichtbaar) values (6000001, 12000004, 0, 1, 4, 1);
insert into opdrachttypeinput (opdrachttype, inputveld, verplicht, wijzigbaar, volgorde, zichtbaar) values (6000001, 12000006, 1, 1, 5, 1);
insert into opdrachttypeinput (opdrachttype, inputveld, verplicht, wijzigbaar, volgorde, zichtbaar) values (6000002, 12000001, 1, 1, 1, 0);
insert into opdrachttypeinput (opdrachttype, inputveld, verplicht, wijzigbaar, volgorde, zichtbaar) values (6000002, 12000002, 1, 1, 2, 1);
insert into opdrachttypeinput (opdrachttype, inputveld, verplicht, wijzigbaar, volgorde, zichtbaar) values (6000002, 12000003, 1, 1, 3, 1);
insert into opdrachttypeinput (opdrachttype, inputveld, verplicht, wijzigbaar, volgorde, zichtbaar) values (6000002, 12000004, 0, 1, 4, 1);
insert into opdrachttypeinput (opdrachttype, inputveld, verplicht, wijzigbaar, volgorde, zichtbaar) values (6000003, 12000002, 1, 1, 1, 1);
insert into opdrachttypeinput (opdrachttype, inputveld, verplicht, wijzigbaar, volgorde, zichtbaar) values (6000003, 12000003, 1, 1, 2, 1);
insert into opdrachttypeinput (opdrachttype, inputveld, verplicht, wijzigbaar, volgorde, zichtbaar) values (6000003, 12000004, 0, 1, 4, 1);
insert into opdrachttypeinput (opdrachttype, inputveld, verplicht, wijzigbaar, volgorde, zichtbaar) values (6000003, 12000005, 1, 0, 3, 1);

insert into opties (id, naam, van, status, volgorde, optietype, omschrijving) values (5000001, 'Recto',          '2012-01-01', 'HUIDIG', 1, 4000001, 'pagina''s enkel aan de voorkant bedrukken');
insert into opties (id, naam, van, status, volgorde, optietype, omschrijving) values (5000002, 'Recto Verso',    '2012-01-01', 'HUIDIG', 2, 4000001, 'pagina''s aan beide kanten bedrukken');
insert into opties (id, naam, van, status, volgorde, optietype, omschrijving) values (5000026, 'Blanco',         '2012-01-01', 'HUIDIG', 0, 4000001, 'pagina''s niet bedrukken');
insert into opties (id, naam, van, status, volgorde, optietype, omschrijving) values (5000003, 'Blauw',          '2012-01-01', 'HUIDIG', 1, 4000002, 'blauwe pagina''s gebruiken');
insert into opties (id, naam, van, status, volgorde, optietype, omschrijving) values (5000004, 'Rood',           '2012-01-01', 'HUIDIG', 2, 4000002, 'rode pagina''s gebruiken');
insert into opties (id, naam, van, status, volgorde, optietype, omschrijving) values (5000005, 'Geel',           '2012-01-01', 'HUIDIG', 3, 4000002, 'gele pagina''s gebruiken');
insert into opties (id, naam, van, status, volgorde, optietype, omschrijving) values (5000006, '120gr',          '2012-01-01', 'HUIDIG', 1, 4000003, 'pagina''s van 120 gram gebruiken');
insert into opties (id, naam, van, status, volgorde, optietype, omschrijving) values (5000007, '160gr',          '2012-01-01', 'HUIDIG', 2, 4000003, 'pagina''s van 160 gram gebruiken');
insert into opties (id, naam, van, status, volgorde, optietype, omschrijving) values (5000008, '170gr',          '2012-01-01', 'HUIDIG', 3, 4000003, 'pagina''s van 170 gram gebruiken');
insert into opties (id, naam, van, status, volgorde, optietype, omschrijving) values (5000009, '200gr',          '2012-01-01', 'HUIDIG', 4, 4000003, 'pagina''s van 200 gram gebruiken');
insert into opties (id, naam, van, status, volgorde, optietype, omschrijving) values (5000010, 'A3',             '2012-01-01', 'HUIDIG', 1, 4000004, 'A3 pagina''s gebruiken');
insert into opties (id, naam, van, status, volgorde, optietype, omschrijving) values (5000011, 'Linkerboven',    '2012-01-01', 'HUIDIG', 1, 4000005, 'pagina''s in de linker bovenhoek bij elkaar nieten');
insert into opties (id, naam, van, status, volgorde, optietype, omschrijving) values (5000012, 'Tweemaal links', '2012-01-01', 'HUIDIG', 2, 4000005, 'pagina''s aan de linkerkant bij elkaar nieten met 2 nietjes');
insert into opties (id, naam, van, status, volgorde, optietype, omschrijving) values (5000013, 'Plooi boekje',   '2012-01-01', 'HUIDIG', 3, 4000005, 'boekje nieten in de plooi');
insert into opties (id, naam, van, status, volgorde, optietype, omschrijving) values (5000014, 'Boekje',         '2012-01-01', 'HUIDIG', 1, 4000006, 'Drukken als een boekje');
insert into opties (id, naam, van, status, volgorde, optietype, omschrijving) values (5000015, 'Perforeren',     '2012-01-01', 'HUIDIG', 2, 4000006, 'pagina''s perforeren aan de linkerkant');
insert into opties (id, naam, van, status, volgorde, optietype, omschrijving) values (5000016, 'Transparant',    '2012-01-01', 'HUIDIG', 3, 4000006, 'drukken op transparanten (het is dus niet mogelijk om RV te drukken');
insert into opties (id, naam, van, status, volgorde, optietype, omschrijving) values (5000017, 'Kaft',           '2012-01-01', 'HUIDIG', 4, 4000006, 'Kaft toevoegen aan de kopie (voor en achterkant): kaft kleur en gewicht moeten ook opgegeven worden');
insert into opties (id, naam, van, status, volgorde, optietype, omschrijving) values (5000018, 'Inbinden',       '2012-01-01', 'HUIDIG', 5, 4000006, 'Bundel inbinden');
insert into opties (id, naam, van, status, volgorde, optietype, omschrijving) values (5000019, 'Blauw',          '2012-01-01', 'HUIDIG', 1, 4000007, 'blauwe kaft gebruiken');
insert into opties (id, naam, van, status, volgorde, optietype, omschrijving) values (5000020, 'Rood',           '2012-01-01', 'HUIDIG', 2, 4000007, 'rode kaft gebruiken');
insert into opties (id, naam, van, status, volgorde, optietype, omschrijving) values (5000021, 'Geel',           '2012-01-01', 'HUIDIG', 3, 4000007, 'gele kaft gebruiken');
insert into opties (id, naam, van, status, volgorde, optietype, omschrijving) values (5000022, '120gr',          '2012-01-01', 'HUIDIG', 1, 4000008, 'kaft van 120 gram gebruiken');
insert into opties (id, naam, van, status, volgorde, optietype, omschrijving) values (5000023, '160gr',          '2012-01-01', 'HUIDIG', 2, 4000008, 'kaft van 160 gram gebruiken');
insert into opties (id, naam, van, status, volgorde, optietype, omschrijving) values (5000024, '170gr',          '2012-01-01', 'HUIDIG', 3, 4000008, 'kaft van 170 gram gebruiken');
insert into opties (id, naam, van, status, volgorde, optietype, omschrijving) values (5000025, '200gr',          '2012-01-01', 'HUIDIG', 4, 4000008, 'kaft van 200 gram gebruiken');

insert into condities (id, Naam, expressie) values (10000001, 'A3 geselecteerd',        '5000010');
insert into condities (id, Naam, expressie) values (10000002, 'opdracht zonder opties', 'OPTIES=[5000001]');

insert into prijzen (id, van, bedrag, prijstype, conditie, eenheid, type) values (8000001, '2012-01-01', 0.01,   9000001, null,     'PAGINA', 'OPTIE');
insert into prijzen (id, van, bedrag, prijstype, conditie, eenheid, type) values (8000002, '2012-01-01', 0.02,   9000001, null,     'PAGINA', 'OPTIETYPE');
insert into prijzen (id, van, bedrag, prijstype, conditie, eenheid, type) values (8000003, '2012-01-01', 0.013,  9000001, 10000002, 'PAGINA', 'OPTIETYPE');
insert into prijzen (id, van, bedrag, prijstype, conditie, eenheid, type) values (8000004, '2012-01-01', 0.02,   9000001, null,     'PAGINA', 'OPTIE');
insert into prijzen (id, van, bedrag, prijstype, conditie, eenheid, type) values (8000005, '2012-01-01', 0.005,  9000001, null,     'PAGINA', 'OPTIETYPE');
insert into prijzen (id, van, bedrag, prijstype, conditie, eenheid, type) values (8000006, '2012-01-01', 0.015,  9000001, null,     'PAGINA', 'OPTIE');
insert into prijzen (id, van, bedrag, prijstype, conditie, eenheid, type) values (8000007, '2012-01-01', 0,      9000001, 10000001, 'PAGINA', 'FORMULE');
insert into prijzen (id, van, bedrag, prijstype, conditie, eenheid, type) values (8000008, '2012-01-01', 0,      9000001, 10000001, 'PAGINA', 'FORMULE');
insert into prijzen (id, van, bedrag, prijstype, conditie, eenheid, type) values (8000009, '2012-01-01', 0,      9000001, 10000001, 'PAGINA', 'FORMULE');
insert into prijzen (id, van, bedrag, prijstype, conditie, eenheid, type) values (8000010, '2012-01-01', 0.1,    9000001, 10000001, 'PAGINA', 'OPTIE');
insert into prijzen (id, van, bedrag, prijstype, conditie, eenheid, type) values (8000011, '2012-01-01', 0.04,   9000001, null,     'KOPIE', 'OPTIE');
insert into prijzen (id, van, bedrag, prijstype, conditie, eenheid, type) values (8000012, '2012-01-01', 0.01,   9000001, null,     'PAGINA', 'OPTIE');
insert into prijzen (id, van, bedrag, prijstype, conditie, eenheid, type) values (8000013, '2012-01-01', 0.62,   9000001, null,     'KOPIE', 'OPTIE');
insert into prijzen (id, van, bedrag, prijstype, conditie, eenheid, type) values (8000014, '2012-01-01', 0.477,  9000001, null,     'PAGINA', 'OPTIE');
insert into prijzen (id, van, bedrag, prijstype, conditie, eenheid, type) values (8000015, '2012-01-01', 0.022,  9000001, null,     'PAGINA', 'OPTIE');
insert into prijzen (id, van, bedrag, prijstype, conditie, eenheid, type) values (8000016, '2012-01-01', 0.022,  9000001, null,     'PAGINA', 'OPTIE');
insert into prijzen (id, van, bedrag, prijstype, conditie, eenheid, type) values (8000017, '2012-01-01', 0.04,   9000001, null,     'PAGINA', 'OPTIE');
insert into prijzen (id, van, bedrag, prijstype, conditie, eenheid, type) values (8000018, '2012-01-01', 0.01,   9000001, null,     'KOPIE', 'OPTIETYPE');
insert into prijzen (id, van, bedrag, prijstype, conditie, eenheid, type) values (8000019, '2012-01-01', 0.03,   9000001, null,     'KOPIE', 'OPTIE');
insert into prijzen (id, van, bedrag, prijstype, conditie, eenheid, type) values (8000020, '2012-01-01', 0.044,  9000001, null,     'KOPIE', 'OPTIE');
insert into prijzen (id, van, bedrag, prijstype, conditie, eenheid, type) values (8000021, '2012-01-01', 0.044,  9000001, null,     'KOPIE', 'OPTIE');
insert into prijzen (id, van, bedrag, prijstype, conditie, eenheid, type) values (8000022, '2012-01-01', 0.08,   9000001, null,     'KOPIE', 'OPTIE');
insert into prijzen (id, van, bedrag, prijstype, conditie, eenheid, type) values (8000023, '2012-01-01', 0,      9000001, null,     'PAGINA', 'FORMULE');

insert into constraints (id, type, constrainer, constrained, standaard, wederkerig) values (7000001, 'VERPLICHT', 4000007, '5000017', 0, 0);
insert into constraints (id, type, constrainer, constrained, standaard, wederkerig) values (7000002, 'VERPLICHT', 4000008, '5000017', 0, 0);
insert into constraints (id, type, constrainer, constrained, standaard, wederkerig) values (7000003, 'VERBIEDT',  5000002, '5000016', 0, 1);
insert into constraints (id, type, constrainer, constrained, standaard, wederkerig) values (7000004, 'VERBIEDT',  5000016, '5000002', 0, 1);
insert into constraints (id, type, constrainer, constrained, standaard, wederkerig) values (7000005, 'VERPLICHT', 5000007, '4000002', 0, 0);
insert into constraints (id, type, constrainer, constrained, standaard, wederkerig) values (7000006, 'VERBIEDT',  5000008, '4000002', 0, 1);
insert into constraints (id, type, constrainer, constrained, standaard, wederkerig) values (7000007, 'VERBIEDT',  4000002, '5000008', 0, 1);
insert into constraints (id, type, constrainer, constrained, standaard, wederkerig) values (7000008, 'VERBIEDT',  5000009, '4000002', 0, 1);
insert into constraints (id, type, constrainer, constrained, standaard, wederkerig) values (7000009, 'VERBIEDT',  4000002, '5000009', 0, 1);
insert into constraints (id, type, constrainer, constrained, standaard, wederkerig) values (7000010, 'VERPLICHT', 5000013, '5000014', 0, 0);
insert into constraints (id, type, constrainer, constrained, standaard, wederkerig) values (7000016, 'PRIJS',     5000001, '8000001', 1, 0);
insert into constraints (id, type, constrainer, constrained, standaard, wederkerig) values (7000017, 'PRIJS',     5000002, '8000004', 1, 0);
insert into constraints (id, type, constrainer, constrained, standaard, wederkerig) values (7000018, 'PRIJS',     4000002, '8000005', 1, 0);
insert into constraints (id, type, constrainer, constrained, standaard, wederkerig) values (7000019, 'PRIJS',     5000006, '8000006', 1, 0);
insert into constraints (id, type, constrainer, constrained, standaard, wederkerig) values (7000020, 'PRIJS',     5000008, '8000015', 1, 0);
insert into constraints (id, type, constrainer, constrained, standaard, wederkerig) values (7000021, 'PRIJS',     5000007, '8000016', 1, 0);
insert into constraints (id, type, constrainer, constrained, standaard, wederkerig) values (7000022, 'PRIJS',     5000009, '8000017', 1, 0);
insert into constraints (id, type, constrainer, constrained, standaard, wederkerig) values (7000023, 'PRIJS',     5000017, '8000011', 1, 0);
insert into constraints (id, type, constrainer, constrained, standaard, wederkerig) values (7000024, 'PRIJS',     5000010, '8000012', 1, 0);
insert into constraints (id, type, constrainer, constrained, standaard, wederkerig) values (7000025, 'PRIJS',     5000018, '8000013', 1, 0);
insert into constraints (id, type, constrainer, constrained, standaard, wederkerig) values (7000026, 'PRIJS',     5000016, '8000014', 1, 0);
insert into constraints (id, type, constrainer, constrained, standaard, wederkerig) values (7000027, 'PRIJS',     4000007, '8000018', 1, 0);
insert into constraints (id, type, constrainer, constrained, standaard, wederkerig) values (7000028, 'PRIJS',     5000022, '8000019', 1, 0);
insert into constraints (id, type, constrainer, constrained, standaard, wederkerig) values (7000029, 'PRIJS',     5000023, '8000020', 1, 0);
insert into constraints (id, type, constrainer, constrained, standaard, wederkerig) values (7000030, 'PRIJS',     5000024, '8000021', 1, 0);
insert into constraints (id, type, constrainer, constrained, standaard, wederkerig) values (7000031, 'PRIJS',     5000025, '8000022', 1, 0);
insert into constraints (id, type, constrainer, constrained, standaard, wederkerig) values (7000032, 'FORMULE',   8000007, 'DEFAULT*(3+2/(DEFAULT*1000))', 0, 0);
insert into constraints (id, type, constrainer, constrained, standaard, wederkerig) values (7000033, 'FORMULE',   8000008, 'DEFAULT*(3+8/(DEFAUlT*1000))', 0, 0);
insert into constraints (id, type, constrainer, constrained, standaard, wederkerig) values (7000034, 'FORMULE',   8000009, 'DEFAULT*(3+8/(DEFAULT*1000))', 0, 0);
insert into constraints (id, type, constrainer, constrained, standaard, wederkerig) values (7000035, 'PRIJS',     4000001, '8000002', 1, 0);
insert into constraints (id, type, constrainer, constrained, standaard, wederkerig) values (7000036, 'PRIJS',     4000001, '8000003', 0, 0);
insert into constraints (id, type, constrainer, constrained, standaard, wederkerig) values (7000037, 'PRIJS',     4000002, '8000023', 0, 0);
insert into constraints (id, type, constrainer, constrained, standaard, wederkerig) values (7000038, 'FORMULE',   8000023, '2*DEFAULT', 0, 0);
insert into constraints (id, type, constrainer, constrained, standaard, wederkerig) values (7000039, 'PRIJS',     5000006, '8000007', 0, 0);
insert into constraints (id, type, constrainer, constrained, standaard, wederkerig) values (7000040, 'PRIJS',     5000007, '8000008', 0, 0);
insert into constraints (id, type, constrainer, constrained, standaard, wederkerig) values (7000041, 'PRIJS',     5000008, '8000009', 0, 0);
insert into constraints (id, type, constrainer, constrained, standaard, wederkerig) values (7000042, 'PRIJS',     5000009, '8000010', 0, 0);

insert into Opdrachten (Opdrachtgever, OpdrachtType, Bestand, Aantal, AanmaakDatum, Status)
values (1000002, 6000001, 'bestand.txt', 30, '2012-02-12', 'IN_BEHANDELING');
insert into Opdrachten (Opdrachtgever, OpdrachtType, Bestand, Aantal, AanmaakDatum, Status)
values (1000002, 6000001, 'bestand.txt', 31, '2012-02-12', 'AANGEVRAAGD');
insert into Opdrachten (Opdrachtgever, OpdrachtType, Bestand, Aantal, AanmaakDatum, Status)
values (1000002, 6000001, 'bestand.txt', 32, '2012-02-12', 'AFGEWERKT');
insert into Opdrachten (Opdrachtgever, OpdrachtType, Bestand, Aantal, AanmaakDatum, Status)
values (1000002, 6000001, 'bestand.txt', 33, '2012-02-12', 'GEWEIGERD');

insert into MenuItems (ID, Naam, Link, Extern, Volgorde) values (15000000, 'Home', 'home.jsp', 0, 0);
insert into MenuItems (ID, Naam, Link, Extern, Volgorde) values (15000001, 'Nieuw', 'newOpdracht.jsp', 0, 1);
insert into MenuItems (ID, Naam, Link, Extern, Volgorde) values (15000002, 'Beheer', 'mainBeheer.jsp', 0, 2);

insert into Rechten (Gebruiker, Constrained) values (1000002, 3000000);
insert into Rechten (Gebruiker, Constrained) values (1000001, 15000000);
insert into Rechten (Gebruiker, Constrained) values (1000001, 15000001);
insert into Rechten (Gebruiker, Constrained) values (11000003, 6000002);
insert into Rechten (Gebruiker, Constrained) values (11000001, 6000003);
insert into Rechten (Gebruiker, Constrained) values (11000003, 6000003);
insert into Rechten (Gebruiker, Constrained) values (11000001, 6000001);
insert into Rechten (Gebruiker, Constrained) values (11000003, 5000017);
insert into Rechten (Gebruiker, Constrained) values (11000001, 4000001);
insert into Rechten (Gebruiker, Constrained) values (11000001, 4000002);
insert into Rechten (Gebruiker, Constrained) values (11000001, 4000003);
insert into Rechten (Gebruiker, Constrained) values (11000001, 4000004);
insert into Rechten (Gebruiker, Constrained) values (11000001, 4000005);
insert into Rechten (Gebruiker, Constrained) values (11000001, 4000006);
insert into Rechten (Gebruiker, Constrained) values (11000001, 4000007);
insert into Rechten (Gebruiker, Constrained) values (11000001, 4000008);
